"model_name","cat_all_R@1","cat_all_R@5","cat_all_R@10","exact_focus_R@1","exact_focus_R@5","exact_focus_R@10"
"CLIP_base_Laion","0.6646205357142857","0.8638392857142857","0.9285714285714286","0.08705357142857142","0.22544642857142858","0.2924107142857143"
"CLIP_base_openai","0.66015625","0.8761160714285714","0.9386160714285714","0.13616071428571427","0.390625","0.5357142857142857"
"CLIP_Laion_v2","0.6702008928571429","0.8828125","0.9369419642857143","0.21651785714285715","0.5","0.6160714285714286"
"CLIP_OpenAI_v3","0.6417410714285714","0.8616071428571429","0.9324776785714286","0.22321428571428573","0.5245535714285714","0.6428571428571429"