"test_contrastive_loss","test_uni_loss","test_loss","cat_all_R@1","cat_all_R@5","cat_all_R@10","exact_focus_R@1","exact_focus_R@5","exact_focus_R@10"
"0.24742395386976354","0.608400400947122","0.4279121791615206","0.8197544642857143","0.9503348214285714","0.9743303571428571","0.6607142857142857","0.8816964285714286","0.9151785714285714"
