"model_name","test_contrastive_loss","test_uni_loss","test_loss","cat_all_R@1","cat_all_R@5","cat_all_R@10","exact_focus_R@1","exact_focus_R@5","exact_focus_R@10"
"CLIP_base","0.5410185841953054","1.0118883778067196","0.7764534810010124","0.6646205357142857","0.8638392857142857","0.9285714285714286","0.08705357142857142","0.22544642857142858","0.2924107142857143"
"CLIP_tuned_v2","0.40695545953862805","0.6700041083728566","0.5384797839557424","0.6919642857142857","0.8950892857142857","0.9497767857142857","0.18080357142857142","0.4955357142857143","0.6272321428571429"
"CLIP_base_openai","0.47194809072157917","0.686904654783361","0.5794263727524701","0.66015625","0.8761160714285714","0.9386160714285714","0.13616071428571427","0.390625","0.5357142857142857"
"CLIP_tuned_v3","0.5065714331234202","0.7451238912694594","0.6258476551841287","0.6372767857142857","0.8643973214285714","0.9302455357142857","0.22544642857142858","0.5245535714285714","0.6361607142857143"
